INSERT INTO unittest_key_single VALUES
 ('key1a','val1a',1,  '2023-12-31 00:00:00')
,('key1b','val1b',2,  '2024-01-31 00:00:00')
,('key1c','val1c',3,  '2024-02-29 00:00:00')
,('key1d','val1d',4,  '2024-03-31 00:00:00')
,('key1e','val1e',5,  '2024-04-30 00:00:00')
,('key1f','val1f',6,  '2024-05-31 00:00:00')
,('key1g','val1g',1,  '2024-06-30 00:00:00')
,('key1h','val1h',2,  '2024-07-31 00:00:00')
,('key1i','val1i',3,  '2024-08-31 00:00:00')
,('key1j','val1j',4,  '2024-09-30 00:00:00')
,('key1k','val1k',515,'2024-10-31 00:00:00')
,('key1l','val1l',6,  '2024-11-30 00:00:00')
,('key1m','val1m',1,  '2023-12-31 00:00:00')
,('key1n','val1n',2,  '2024-01-31 00:00:00')
,('key1o','val1o',3,  '2024-02-29 00:00:00')
,('key1p','val1p',4,  '2024-03-31 00:00:00')
,('key1q','val1q',5,  '2024-04-30 00:00:00')
,('key1r','val1r',6,  '2024-05-31 00:00:00')
,('key1s','val1s',1,  '2024-06-30 00:00:00')
,('key1t','val1t',2,  '2024-07-31 00:00:00')
,('key1u','val1u',3,  '2024-08-31 00:00:00')
,('key1v','val1v',4,  '2024-09-30 00:00:00')
,('key1w','val1w',5,  '2024-10-31 00:00:00')
,('key1x','val1x',6,  '2024-11-30 00:00:00')
,('key1y','val1y',1,  '2023-12-31 00:00:00')
,('key1z','val1z',2,  '2024-01-31 00:00:00')
;


INSERT INTO unittest_key_double VALUES
 ('key1a',1,'val1a',1,  '2023-12-31 00:00:00')
,('key1a',2,'val1a',2,  '2024-01-31 00:00:00')
,('key1a',3,'val1a',3,  '2024-02-29 00:00:00')
,('key1a',4,'val1a',4,  '2024-03-31 00:00:00')
,('key1b',1,'val1b',5,  '2024-04-30 00:00:00')
,('key1b',2,'val1b',6,  '2024-05-31 00:00:00')
,('key1b',3,'val1b',919,'2024-06-30 00:00:00')
,('key1b',4,'val1b',212,'2024-07-31 00:00:00')
,('key1c',1,'val1c',313,'2024-08-31 00:00:00')
,('key1c',2,'val1c',414,'2024-09-30 00:00:00')
,('key1c',3,'val1c',515,'2024-10-31 00:00:00')
,('key1c',4,'val1c',616,'2024-11-30 00:00:00')
,('key1d',1,'val1d',1,  '2023-12-31 00:00:00')
,('key1d',2,'val1d',2,  '2024-01-31 00:00:00')
,('key1d',3,'val1d',3,  '2024-02-29 00:00:00')
,('key1d',4,'val1d',4,  '2024-03-31 00:00:00')
,('key1e',1,'val1e',5,  '2024-04-30 00:00:00')
,('key1e',2,'val1e',6,  '2024-05-31 00:00:00')
,('key1e',3,'val1e',1,  '2024-06-30 00:00:00')
,('key1e',4,'val1e',2,  '2024-07-31 00:00:00')
,('key1f',1,'val1f',3,  '2024-08-31 00:00:00')
,('key1f',2,'val1f',4,  '2024-09-30 00:00:00')
,('key1f',3,'val1f',5,  '2024-10-31 00:00:00')
,('key1f',4,'val1f',6,  '2024-11-30 00:00:00')
,('key1g',1,'val1g',1,  '2023-12-31 00:00:00')
,('key1g',2,'val1g',2,  '2024-01-31 00:00:00')
;



INSERT INTO tbl_person VALUES
 ('person1', 'Aoki', 'Chiyoda', '03-1111-7890')
,('person2', 'Kato', 'Minato', '03-2222-7890')
,('person3', 'Sato', 'Chuo', '03-3333-1234')
,('person4', 'Takagi', 'Chiyoda', '03-4444-1234')
,('person5', 'Namiki', 'Shinagawa', '03-5555-1234')
;

INSERT INTO tbl_group VALUES
 ('group1', 'ABC Corp.', 'Tokyo', '03-1111-7890', 'person5')
,('group2', 'DEF College', 'Osaka', '06-6666-7890', null)
,('group3', 'GHI Org.', 'Tokyo', '03-9999-1234', null)
;

INSERT INTO tbl_group_person VALUES
 ('group1', 'person1')
,('group1', 'person2')
,('group1', 'person3')
,('group2', 'person3')
;

