<?xml version="1.0" encoding="UTF-8"?>
<character location.name="table" location.x="200" location.y="350" posZ="0" rotate="-180" roll="0">
  <data name="character">
    <data name="image">
      <data name="imageIdentifier" type="image">null</data>
    </data>
    <data name="common">
      <data name="name">ヒスイ</data>
      <data name="size">1</data>
    </data>
    <data name="detail">
      <data name="基本">
        <data name="種族">ラカスタ</data>
        <data name="クラス">ダスクブレード</data>
        <data name="属性"></data>
        <data name="プレイヤー">ヘルルイン</data>
        <data name="言語">共通語</data>
        <data name="特殊能力">夜目、鎧の魔導師(軽装)</data>
        <data name="初級秘術感得" type="numberResource" currentValue="5">5</data>
      </data>
      <data name="能力値">
        <data name="【筋力】">16</data>
        <data name="【敏捷力】">16</data>
        <data name="【耐久力】">16</data>
        <data name="【知力】">14</data>
        <data name="【判断力】">10</data>
        <data name="【魅力】">10</data>
      </data>
      <data name="行動データ">
        <data name="サイズ">中型</data>
        <data name="AC">17</data>
        <data name="接触AC">13</data>
        <data name="立ちすくみAC">14</data>
        <data name="防具判定ペナルティ">-1</data>
        <data name="HP" type="numberResource" currentValue="13">13</data>
        <data name="一時HP" type="numberResource" currentValue="0">0</data>
        <data name="呪文セーブ">12+呪文レベル</data>
        <data name="基本移動速度">30</data>
        <data name="イニシアチヴ" type="" currentValue="18">994</data>
        <data name="イニシアチヴ修正値">3</data>
        <data name="基本攻撃ボーナス">1</data>
        <data name="頑健ST">3+2</data>
        <data name="反応ST">3+0</data>
        <data name="意志ST">0+2</data>
        <data name="状態異常">-</data>
      </data>
      <data name="攻撃能力">
        <data name="近接攻撃ロール1">0</data>
        <data name="ダメージ1">1d8+3</data>
        <data name="近接攻撃ロール2">x</data>
        <data name="ダメージ2">x</data>
        <data name="近接攻撃ロール3">x</data>
        <data name="ダメージ3">x</data>
        <data name="遠隔攻撃ロール1">0</data>
        <data name="遠隔ダメージ1">1d6+3</data>
        <data name="遠隔攻撃ロール2"></data>
        <data name="遠隔ダメージ2"></data>
        <data name="対組み付き">1+3</data>
      </data>
      <data name="取得特技">
        <data name="背景">精力的な</data>
        <data name="背景">鋭敏感覚</data>
        <data name="Lv1">即時呪文効果範囲拡大</data>
      </data>
      <data name="装備品">
        <data name="通常装備">
          <data name="利き手">ロングソード</data>
          <data name="逆手"></data>
          <data name="鎧">スタデッドレザー</data>
        </data>
        <data name="武器">
          <data name="">ロングソード(通常装備している)</data>
          <data name="">ジャヴェリン</data>
        </data>
        <data name="紐やベルトで腕や足に手挟んでいるもの(5)">
          <data name="ワンド" type="numberResource" currentValue="0">0</data>
        </data>
        <data name="着用箇所のあるアイテム">
          <data name="頭"></data>
          <data name="顔"></data>
          <data name="首"></data>
          <data name="肩"></data>
          <data name="胴"></data>
          <data name="腰"></data>
          <data name="腕"></data>
          <data name="手"></data>
          <data name="指輪右"></data>
          <data name="指輪左"></data>
          <data name="足"></data>
          <data name="他"></data>
        </data>
        <data name="ヒューワーズ・ハンディ・ハヴァサック、ベルトポーチ、背負い袋">
          <data name=""></data>
        </data>
        <data name="スクロール等">
          <data name="巻物"></data>
        </data>
        <data name="構成要素・焦点具">
          <data name="タグ"></data>
        </data>
        <data name="現金">
          <data name="タグ"></data>
        </data>
      </data>
      <data name="技能">
        <data name="&lt;威圧&gt;">0</data>
        <data name="&lt;解錠&gt;">x</data>
        <data name="&lt;解読&gt;">x</data>
        <data name="&lt;隠れ身&gt;">0</data>
        <data name="&lt;軽業&gt;">2</data>
        <data name="&lt;鑑定&gt;">0</data>
        <data name="&lt;聞き耳&gt;">2+2</data>
        <data name="&lt;騎乗&gt;">0</data>
        <data name="&lt;偽造&gt;">0</data>
        <data name="&lt;芸能:歌唱&gt;">0</data>
        <data name="&lt;芸能:打楽器&gt;">0</data>
        <data name="&lt;交渉&gt;">0</data>
        <data name="&lt;視認&gt;">2</data>
        <data name="&lt;忍び足&gt;">2</data>
        <data name="&lt;呪文学&gt;">4</data>
        <data name="&lt;情報収集&gt;">0</data>
        <data name="&lt;職能：武器鍛冶&gt;">x</data>
        <data name="&lt;職能：&gt;">x</data>
        <data name="&lt;真意看破&gt;">0</data>
        <data name="&lt;水泳&gt;">0</data>
        <data name="&lt;製作：絵描き&gt;">0</data>
        <data name="&lt;製作：&gt;">0</data>
        <data name="&lt;精神集中&gt;">4</data>
        <data name="&lt;生存&gt;">0</data>
        <data name="&lt;捜索&gt;">0</data>
        <data name="&lt;装置無力化&gt;">x</data>
        <data name="&lt;脱出術&gt;">0</data>
        <data name="&lt;知識:貴族および王族&gt;">x</data>
        <data name="&lt;知識:建築学および工学&gt;">x</data>
        <data name="&lt;知識:次元界&gt;">x</data>
        <data name="&lt;知識:自然&gt;">x</data>
        <data name="&lt;知識:宗教&gt;">x</data>
        <data name="&lt;知識:ダンジョン探検&gt;">x</data>
        <data name="&lt;知識:神秘学&gt;">x</data>
        <data name="&lt;知識:地域&gt;">x</data>
        <data name="&lt;知識:地理&gt;">x</data>
        <data name="&lt;知識:歴史&gt;">x</data>
        <data name="&lt;跳躍&gt;">4+4</data>
        <data name="&lt;治療&gt;">0</data>
        <data name="&lt;手先の早業&gt;">x</data>
        <data name="&lt;登攀&gt;">0</data>
        <data name="&lt;動物使い&gt;">x</data>
        <data name="&lt;縄使い&gt;">0</data>
        <data name="&lt;はったり&gt;">0</data>
        <data name="&lt;平衡感覚&gt;">0</data>
        <data name="&lt;変装&gt;">0</data>
        <data name="&lt;魔法装置使用&gt;">x</data>
      </data>
      <data name="呪文">
        <data name="Lv0">
          <data name="" type="numberResource" currentValue="3">3</data>
          <data name="">呪文名</data>
          <data name="">呪文名</data>
          <data name="">呪文名</data>
        </data>
        <data name="Lv1">
          <data name="" type="numberResource" currentValue="3">3</data>
          <data name="" type="" currentValue="2">呪文名</data>
          <data name="">呪文名</data>
        </data>
      </data>
      <data name="メモ">
        <data name="" type="note"></data>
      </data>
    </data>
  </data>
  <chat-palette dicebot="DungeonsAndDragons">▼AC:17:13:14 ▼移動速度:30ft.
1d20+{イニシアチヴ修正値} ▼イニシアチヴ
■攻撃ロール===========================================
1d20＋{基本攻撃ボーナス}+({【筋力】}-10)/2+{近接攻撃ロール1} ▼攻撃ロール(ロングソード)
1d20＋{基本攻撃ボーナス}+({【敏捷力】}-10)/2+{遠隔攻撃ロール1} ▼攻撃ロール(ジャヴェリン)
■ダメージロール===========================================
{ダメージ1} ▼ダメージ(ロングソード)
{遠隔ダメージ1} ▼ダメージ(ジャヴェリン)
■セーヴィング・スロー============================
1d20+{頑健ST} ▼【頑健】セーヴ
1d20+{反応ST} ▼【反応】セーヴ
1d20+{意志ST} ▼【意志】セーヴ
■技能============================================
1d20+({【魅力】}-10)/2+{&lt;威圧&gt;} ▼&lt;威圧&gt;
1d20+({【敏捷力】}-10)/2+{&lt;解錠&gt;} ▼&lt;解錠&gt;
1d20+({【知力】}-10)/2+{&lt;解読&gt;} ▼&lt;解読&gt;
1d20+({【敏捷力】}-10)/2+{&lt;隠れ身&gt;}+{防具判定ペナルティ} ▼&lt;隠れ身&gt;
1d20+({【敏捷力】}-10)/2+{&lt;軽業&gt;}+{防具判定ペナルティ} ▼&lt;軽業&gt;
1d20+({【知力】}-10)/2+{&lt;鑑定&gt;} ▼&lt;鑑定&gt;
1d20+({【判断力】}-10)/2+{&lt;聞き耳&gt;} ▼&lt;聞き耳&gt;
1d20+({【敏捷力】}-10)/2+{&lt;騎乗&gt;} ▼&lt;騎乗&gt;
1d20+({【知力】}-10)/2+{&lt;偽造&gt;} ▼&lt;偽造&gt;
1d20+({【魅力】}-10)/2+{&lt;芸能:歌唱&gt;} ▼&lt;芸能:歌唱&gt;
1d20+({【魅力】}-10)/2+{&lt;芸能:打楽器&gt;} ▼&lt;芸能:打楽器&gt;
1d20+({【魅力】}-10)/2+{&lt;交渉&gt;} ▼&lt;交渉&gt;
1d20+({【判断力】}-10)/2+{&lt;視認&gt;} ▼&lt;視認&gt;
1d20+({【敏捷力】}-10)/2+{&lt;忍び足&gt;}+{防具判定ペナルティ} ▼&lt;忍び足&gt;
1d20+({【知力】}-10)/2+{&lt;呪文学&gt;} ▼&lt;呪文学&gt;
1d20+({【魅力】}-10)/2+{&lt;情報収集&gt;} ▼&lt;情報収集&gt;
1d20+({【判断力】}-10)/2+{&lt;職能:&gt;} ▼&lt;職能:&gt;
1d20+({【判断力】}-10)/2+{&lt;職能:&gt;} ▼&lt;職能:&gt;
1d20+({【判断力】}-10)/2+{&lt;真意看破&gt;} ▼&lt;真意看破&gt;
1d20+({【筋力】}-10)/2+{&lt;水泳&gt;}+{防具判定ペナルティ}*2 ▼&lt;水泳&gt;
1d20+({【知力】}-10)/2+{&lt;製作:&gt;} ▼&lt;製作:&gt;
1d20+({【知力】}-10)/2+{&lt;製作:&gt;} ▼&lt;製作:&gt;
1d20+({【耐久力】}-10)/2+{&lt;精神集中&gt;} ▼&lt;精神集中&gt;
1d20+({【判断力】}-10)/2+{&lt;生存&gt;} ▼&lt;生存&gt;
1d20+({【知力】}-10)/2+{&lt;捜索&gt;} ▼&lt;捜索&gt;
1d20+({【知力】}-10)/2+{&lt;装置無力化&gt;} ▼&lt;装置無力化&gt;
1d20+({【敏捷力】}-10)/2+{&lt;脱出術&gt;}+{防具判定ペナルティ} ▼&lt;脱出術&gt;
1d20+({【知力】}-10)/2+{&lt;知識:貴族および王族&gt;} ▼&lt;知識:貴族および王族&gt;
1d20+({【知力】}-10)/2+{&lt;知識:建築術および工学&gt;} ▼&lt;知識:建築術および工学&gt;
1d20+({【知力】}-10)/2+{&lt;知識:次元界&gt;} &lt;知識:次元界&gt;
1d20+({【知力】}-10)/2+{&lt;知識:自然&gt;} &lt;知識:自然&gt;
1d20+({【知力】}-10)/2+{&lt;知識:宗教&gt;} &lt;知識:宗教&gt;
1d20+({【知力】}-10)/2+{&lt;知識:神秘学&gt;} &lt;知識:神秘学&gt;
1d20+({【知力】}-10)/2+{&lt;知識:ダンジョン探検&gt;} &lt;知識:ダンジョン探険&gt;
1d20+({【知力】}-10)/2+{&lt;知識:地域&gt;} &lt;知識:地域&gt;
1d20+({【知力】}-10)/2+{&lt;知識:地理&gt;} ▼&lt;知識:地理&gt;
1d20+({【知力】}-10)/2+{&lt;知識:歴史&gt;} ▼&lt;知識:歴史&gt;
1d20+({【筋力】}-10)/2+{&lt;跳躍&gt;}+{防具判定ペナルティ} ▼&lt;跳躍&gt;
1d20+({【判断力】}-10)/2+{&lt;治療&gt;} ▼&lt;治療&gt;
1d20+({【敏捷力】}-10)/2+{&lt;手先の早業&gt;}+{防具判定ペナルティ} ▼&lt;手先の早業&gt;
1d20+({【筋力】}-10)/2+{&lt;登攀&gt;}+{防具判定ペナルティ} ▼&lt;登攀&gt;
1d20+({【魅力】}-10)/2+{&lt;動物使い&gt;} ▼&lt;動物使い&gt;
1d20+({【魅力】}-10)/2+{&lt;はったり&gt;} ▼&lt;はったり&gt;
1d20+({【敏捷力】}-10)/2+{&lt;平衡感覚&gt;}+{防具判定ペナルティ} ▼&lt;平衡感覚&gt;
1d20+({【魅力】}-10)/2+{&lt;変装&gt;} ▼&lt;変装&gt;
1d20+({【魅力】}-10)/2+{&lt;魔法装置使用&gt;} ▼&lt;魔法装置使用&gt;
■能力値判定=====================================
1d20+({【筋力】}-10)/2 ▼【筋力】判定
1d20+({【敏捷力】}-10)/2 ▼【敏捷力】判定
1d20+({【耐久力】}-10)/2 ▼【耐久力】判定
1d20+({【知力】}-10)/2 ▼【知力】判定
1d20+({【判断力】}-10)/2 ▼【判断力】判定
1d20+({【魅力】}-10)/2 ▼【魅力】判定
</chat-palette>
</character>